{
  "001-interactive-guide": {
    "x": 24,
    "y": 24,
    "w": 1057.234375,
    "h": 640.05859375,
    "z": 2,
    "pinned": false
  }
}