{
  "001-active-proposal": {
    "x": 24,
    "y": 24,
    "w": 387.7734375,
    "h": 334.3515625,
    "z": 3,
    "pinned": false
  },
  "002-deliverables": {
    "x": 448,
    "y": 24,
    "w": 834.43359375,
    "h": 481.17578125,
    "z": 4,
    "pinned": false
  }
}