{
  "001-welcome": {
    "x": 24,
    "y": 24,
    "w": 342.5390625,
    "h": 299.703125,
    "z": 10,
    "pinned": true
  },
  "002-search-status": {
    "x": 384,
    "y": 24,
    "w": 332,
    "h": 232,
    "z": 1,
    "pinned": false
  },
  "003-active-config": {
    "x": 731.19921875,
    "y": 21.37890625,
    "w": 604.69140625,
    "h": 234.5546875,
    "z": 8,
    "pinned": false
  },
  "004-latest-report": {
    "x": 438.52734375,
    "y": 271.015625,
    "w": 900,
    "h": 580,
    "z": 9,
    "pinned": false
  }
}