{
  "001-active-role": {
    "x": 24,
    "y": 24,
    "w": 338.6796875,
    "h": 282.9765625,
    "z": 5,
    "pinned": false
  },
  "002-reality-check": {
    "x": 384,
    "y": 24,
    "w": 355.81640625,
    "h": 346.9296875,
    "z": 8,
    "pinned": false
  },
  "003-strategic-bridge": {
    "x": 795.4609375,
    "y": 27.328125,
    "w": 499.59765625,
    "h": 289.19921875,
    "z": 10,
    "pinned": false
  },
  "004-proposals-selection": {
    "x": 16.125,
    "y": 362.58984375,
    "w": 441.1953125,
    "h": 306.1328125,
    "z": 12,
    "pinned": false
  },
  "005-interview-prep": {
    "x": 522.390625,
    "y": 381.66015625,
    "w": 463.9140625,
    "h": 302.63671875,
    "z": 13,
    "pinned": false
  }
}