{
  "001-active-role": {
    "x": 24,
    "y": 24,
    "w": 338.6796875,
    "h": 282.9765625,
    "z": 5,
    "pinned": false
  },
  "002-reality-check": {
    "x": 432.4296875,
    "y": 26.40625,
    "w": 357.375,
    "h": 427.62890625,
    "z": 17,
    "pinned": false
  },
  "003-strategic-bridge": {
    "x": 795.34375,
    "y": 27.44140625,
    "w": 499.59765625,
    "h": 289.19921875,
    "z": 21,
    "pinned": false
  },
  "004-proposals-selection": {
    "x": 16.125,
    "y": 362.58984375,
    "w": 403.80859375,
    "h": 303.984375,
    "z": 16,
    "pinned": false
  },
  "005-interview-prep": {
    "x": 819.421875,
    "y": 343.93359375,
    "w": 463.9140625,
    "h": 302.63671875,
    "z": 14,
    "pinned": false
  }
}